disk_type,value
hd,108071
hd,108066
hd,108060
hd,108119
hd,108122
hd,108068
hd,108064
hd,108112
hd,108107
hd,108110
hd,108061
hd,108112
hd,108117
hd,108112
hd,108118
hd,108056
hd,108117
hd,108054
hd,108110
hd,108100
hd,108096
hd,108103
hd,108110
hd,108111
hd,108109
hd,108104
hd,108100
hd,108104
hd,108122
hd,108114
hd,108114
hd,108111
hd,108106
hd,108115
hd,108114
hd,108099
hd,108103
hd,108112
hd,108108
hd,108105
hd,108101
hd,108098
hd,108100
hd,108101
hd,108101
hd,108097
hd,108099
hd,108091
hd,108084
hd,108095
hd,108056
hd,108094
hd,108085
hd,108082
hd,108084
hd,108084
hd,108076
hd,108075
hd,108071
hd,108080
hd,108076
hd,108056
hd,108078
hd,108075
hd,108080
hd,108067
hd,108079
hd,108069
hd,108116
hd,108066
hd,108073
hd,108112
hd,108112
hd,108068
hd,108109
hd,108118
hd,108064
hd,108120
hd,108118
hd,108102
hd,108056
hd,108114
hd,108108
hd,108109
hd,108094
hd,108110
hd,108104
hd,108096
hd,108099
hd,108118
hd,108115
hd,108097
hd,108114
hd,108111
hd,108108
hd,108093
hd,108112
hd,108112
hd,108119
hd,108101
hd,108113
hd,108116
hd,108098
hd,108113
hd,108108
hd,108092
hd,108105
hd,108113
hd,108117
hd,108117
hd,108092
hd,108114
hd,108110
hd,108103
hd,108111
hd,108089
hd,108095
hd,108120
hd,108114
hd,108097
hd,108098
hd,108106
hd,108113
hd,108106
hd,108106
hd,108107
hd,108100
hd,108088
hd,108103
hd,108096
hd,108091
hd,108095
hd,108087
hd,108061
hd,108091
hd,108093
hd,108088
hd,108090
hd,108088
hd,108090
hd,108080
hd,108084
hd,108091
hd,108080
hd,108075
hd,108074
hd,108079
hd,108069
hd,108086
hd,108076
hd,108077
hd,108069
hd,108084
hd,108064
hd,108121
hd,108069
hd,108073
hd,108110
hd,108064
hd,108066
hd,108066
hd,108108
hd,108111
hd,108108
hd,108117
hd,108108
hd,108106
hd,108113
hd,108119
hd,108101
hd,108103
hd,108114
hd,108104
hd,108104
hd,108099
hd,108098
hd,108103
hd,108099
hd,108106
hd,108124
hd,108104
hd,108112
hd,108119
hd,108100
hd,108102
hd,108094
hd,108106
hd,108107
hd,108102
hd,108104
hd,108112
hd,108101
hd,108105
hd,108102
hd,108068
hd,108095
hd,108091
hd,108064
hd,108081
hd,108084
hd,108074
hd,108085
hd,108080
hd,108081
hd,108076
hd,108077
hd,108070
hd,108073
hd,108077
hd,108082
hd,108071
hd,108080
hd,108069
hd,108062
hd,108070
hd,108075
hd,108060
hd,108073
hd,108065
hd,108112
hd,108063
hd,108060
hd,108108
hd,108103
hd,108107
hd,108111
hd,108101
hd,108112
hd,108110
hd,108105
hd,108056
hd,108104
hd,108106
hd,108105
hd,108129
hd,108041
hd,108095
hd,108113
hd,108099
hd,108110
hd,108101
hd,108107
hd,108106
hd,108107
hd,108102
hd,108130
hd,108103
hd,108105
hd,108136
hd,108093
hd,108105
hd,108108
hd,108098
hd,108111
hd,108109
hd,108110
hd,108115
hd,108115
hd,108106
hd,108110
hd,108127
hd,108102
hd,108108
hd,108104
hd,108106
hd,108105
hd,108098
hd,108098
hd,108099
hd,108096
hd,108094
hd,108092
hd,108089
hd,108085
hd,108087
hd,108091
hd,108084
hd,108088
hd,108083
hd,108079
hd,108115
hd,108075
hd,108078
hd,108074
hd,108072
hd,108076
hd,108068
hd,108073
hd,108082
hd,108062
hd,108079
hd,108105
hd,108105
hd,108106
hd,108109
hd,108102
hd,108057
hd,108094
hd,108104
hd,108114
hd,108094
hd,108120
hd,108120
hd,108105
hd,108116
hd,108106
hd,108107
hd,108109
hd,108098
hd,108101
hd,108095
hd,108103
hd,108121
hd,108104
hd,108106
hd,108113
hd,108110
hd,108111
hd,108100
hd,108094
hd,108104
hd,108101
hd,108100
hd,108100
hd,108104
hd,108091
hd,108093
hd,108093
hd,108094
hd,108093
hd,108088
hd,108092
hd,108076
hd,108090
hd,108090
hd,108089
hd,108086
hd,108082
hd,108082
hd,108079
hd,108070
hd,108075
hd,108076
hd,108075
hd,108115
hd,108079
hd,108074
hd,108075
hd,108066
hd,108066
hd,108114
hd,108077
hd,108066
hd,108073
hd,108062
hd,108067
hd,108113
hd,108110
hd,108065
hd,108111
hd,108059
hd,108117
hd,108110
hd,108115
hd,108101
hd,108108
hd,108110
hd,108108
hd,108112
hd,108112
hd,108106
hd,108122
hd,108105
hd,108109
hd,108104
hd,108112
hd,108106
hd,108100
hd,108106
hd,108128
hd,108089
hd,108118
hd,108104
hd,108095
hd,108103
hd,108109
hd,108108
hd,108109
pd,109201
pd,108608
pd,109416
pd,106982
pd,107271
pd,107292
pd,107983
pd,108279
pd,108117
pd,107837
pd,108130
pd,106899
pd,107205
pd,107350
pd,108021
pd,108555
pd,106653
pd,106594
pd,105908
pd,108579
pd,109797
pd,109169
pd,106951
pd,106682
pd,108137
pd,107347
pd,108210
pd,108287
pd,108376
pd,109101
pd,107413
pd,107744
pd,110020
pd,107128
pd,108079
pd,107413
pd,109205
pd,110124
pd,108777
pd,108231
pd,108936
pd,106996
pd,107936
pd,107652
pd,107309
pd,107861
pd,107054
pd,109893
pd,106559
pd,109518
pd,106387
pd,108183
pd,108436
pd,105750
pd,106665
pd,107243
pd,109075
pd,108103
pd,108434
pd,108950
pd,110514
pd,108824
pd,107312
pd,109005
pd,107455
pd,108858
pd,108127
pd,108284
pd,107488
pd,107450
pd,109271
pd,108011
pd,107596
pd,107229
pd,107435
pd,107892
pd,108737
pd,106846
pd,108029
pd,110199
pd,108777
pd,107552
pd,108259
pd,109349
pd,109277
pd,108566
pd,111158
pd,108593
pd,109015
pd,108069
pd,107916
pd,102979
pd,108125
pd,107871
pd,108285
pd,106259
pd,107712
pd,108941
pd,106580
pd,108522
pd,106849
pd,109989
pd,106445
pd,108677
pd,109387
pd,107867
pd,108966
pd,108437
pd,109095
pd,109115
pd,108608
pd,108827
pd,107683
pd,109368
pd,109959
pd,109028
pd,106228
pd,107966
pd,107953
pd,109354
pd,108083
pd,109219
pd,107873
pd,108635
pd,106496
pd,108534
pd,106463
pd,109043
pd,107958
pd,107618
pd,107817
pd,106898
pd,108168
pd,107222
pd,106796
pd,108065
pd,108395
pd,106323
pd,109716
pd,107253
pd,109922
pd,108073
pd,108557
pd,106578
pd,106726
pd,107104
pd,106562
pd,108998
pd,108063
pd,108467
pd,107718
pd,108692
pd,109367
pd,108993
pd,109693
pd,107092
pd,107173
pd,107863
pd,108512
pd,110217
pd,108735
pd,108108
pd,108009
pd,108414
pd,108276
pd,109517
pd,112674
pd,108336
pd,109865
pd,110260
pd,110461
pd,108759
pd,108775
pd,107703
pd,109711
pd,107296
pd,108503
pd,107348
pd,107629
pd,107485
pd,107123
pd,108357
pd,109479
pd,110783
pd,108569
pd,108344
pd,106658
pd,108999
pd,109047
pd,107695
pd,108220
pd,107579
pd,109607
pd,107981
pd,107617
pd,108678
pd,108414
pd,109532
pd,108336
pd,109455
pd,108153
pd,107310
pd,109307
pd,107975
pd,108696
pd,110744
pd,109553
pd,108404
pd,107494
pd,108715
pd,108748
pd,110693
pd,106872
pd,108481
pd,107375
pd,106604
pd,107313
pd,108385
pd,108162
pd,107771
pd,109476
pd,109201
pd,107635
pd,108815
pd,107300
pd,108894
pd,107595
pd,108819
pd,107609
pd,108405
pd,107633
pd,107967
pd,107284
pd,107772
pd,108543
pd,108339
pd,107729
pd,108791
pd,108775
pd,108672
pd,108170
pd,109147
pd,109623
pd,107441
pd,109201
pd,108096
pd,109859
pd,110062
pd,108518
pd,107344
pd,108241
pd,109497
pd,109234
pd,106409
pd,107002
pd,108479
pd,107505
pd,107374
pd,108123
pd,109828
pd,108672
pd,109318
pd,108183
pd,109122
pd,108010
pd,108240
pd,107288
pd,109612
pd,110265
pd,108818
pd,106935
pd,108134
pd,108240
pd,106427
pd,108470
pd,107619
pd,109093
pd,108192
pd,107529
pd,108648
pd,101731
pd,107398
pd,107573
pd,109479
pd,108789
pd,114800
pd,105539
pd,108404
pd,107501
pd,108664
pd,108989
pd,106860
pd,108751
pd,106253
pd,109673
pd,107304
pd,108980
pd,107815
pd,107864
pd,106834
pd,108561
pd,107295
pd,106063
pd,106948
pd,107437
pd,108811
pd,107687
pd,107993
pd,105521
pd,110683
pd,109750
pd,106979
pd,109609
pd,109238
pd,108910
pd,108046
pd,108897
pd,106814
pd,108811
pd,107478
pd,108469
pd,108265
pd,108480
pd,108105
pd,108879
pd,109684
pd,108339
pd,109095
pd,108668
pd,108065
pd,108315
pd,109072
pd,107712
pd,108927
pd,107055
pd,108155
pd,108011
pd,109695
pd,107819
pd,108571
pd,109647
pd,108010
pd,108877
pd,106119
pd,109799
pd,107090
pd,108762
pd,105926
pd,106718
pd,107736
pd,108991
pd,107475
pd,107602
pd,107900
pd,107421
pd,108346
pd,106848
pd,107605
pd,106844
pd,107580
pd,101929
pd,108331
pd,107321
pd,106688
pd,105910
pd,106078
pd,107303
pd,109021
pd,107813
pd,107105
pd,108806
pd,109153
pd,108535
pd,108740
pd,108083
pd,107683
pd,105784
pd,108545
pd,108655
pd,107988
pd,108442
pd,107197
pd,108427
pd,106043
pd,110397
pd,109614
pd,108469
pd,108445
